
-- 1. POPULANDO A TABELA: proprietario
INSERT INTO proprietario (nome, cpf, telefone) VALUES 
('Ana Beatriz Silveira', '12345678901', '(11) 98888-7777'),
('Carlos Eduardo Souza', '23456789012', '(21) 97777-6666'),
('Mariana das Dores', '34567890123', '(31) 96666-5555'),
('Ricardo Pereira Lima', '45678901234', '(47) 95555-4444'),
('Fernanda Oliveira', '56789012345', '(61) 94444-3333'),
('Roberto Alencar', '67890123456', '(11) 93333-2222'),
('Juliana Paes Leme', '78901234567', '(19) 92222-1111'),
('Marcos Vinícius Castro', '89012345678', '(85) 91111-0000'),
('Patrícia Abravanel', '90123456789', '(11) 90000-9999'),
('Lucas Gabriel Mendes', '01234567890', '(71) 98888-1234'),
('Beatriz Helena Farias', '11234567891', '(21) 97777-2345'),
('André Luiz Rocha', '22345678902', '(31) 96666-3456'),
('Camila Cavalcanti', '33456789013', '(41) 95555-4567'),
('Thiago Monteiro', '44567890124', '(51) 94444-5678'),
('Letícia Spiller', '55678901235', '(61) 93333-6789'),
('Felipe Dylon Rosa', '66789012346', '(11) 92222-7890'),
('Tatiana Amaral', '77890123457', '(27) 91111-8901'),
('Gustavo Lima Verde', '88901234568', '(81) 90000-9012'),
('Sônia Maria Braga', '99012345679', '(11) 98888-0123'),
('Renato Russo Silva', '00123456781', '(21) 97777-1234'),
('Priscila Alcântara', '11123456782', '(31) 96666-2345'),
('Igor Guimarăes', '22234567893', '(48) 95555-3456'),
('Vanessa da Mata', '33345678904', '(71) 94444-4567'),
('Hugo Gloss Santos', '44456789015', '(11) 93333-5678'),
('Bruna Marquezine', '55567890126', '(21) 92222-6789'),
('Paolla Oliveira', '66678901237', '(11) 91111-7890'),
('Lázaro Ramos', '77789012348', '(71) 90000-8901'),
('Taís Araújo', '88890123459', '(71) 99999-9012'),
('Wagner Moura', '99901234560', '(21) 98888-0123'),
('Selton Mello', '10101010101', '(11) 97777-1234');

-- 2. POPULANDO A TABELA: imovel
INSERT INTO imovel (logradouro, numero, complemento, bairro, cidade, uf, cep, tipo, valor_sugerido, id_proprietario) VALUES 
('Avenida Paulista', '1578', 'Apto 101', 'Bela Vista', 'Săo Paulo', 'SP', '01310200', 'Apartamento', 850000.00, 1),
('Rua das Flores', '12', NULL, 'Jardim Amália', 'Rio de Janeiro', 'RJ', '22640100', 'Casa', 450000.00, 2),
('Rua Bahia', '450', 'Sala 04', 'Savassi', 'Belo Horizonte', 'MG', '30140010', 'Comercial', 320000.00, 3),
('Av. Sete de Setembro', '2500', 'Apto 1202', 'Batel', 'Curitiba', 'PR', '80230010', 'Apartamento', 620000.00, 4),
('Rua dos Artistas', '88', NULL, 'Graça', 'Salvador', 'BA', '40150000', 'Casa', 580000.00, 5),
('Alameda Santos', '100', 'Conjunto 21', 'Cerqueira César', 'Săo Paulo', 'SP', '01419000', 'Comercial', 1200000.00, 6),
('Rua Joăo de Barros', '55', 'Bloco B', 'Boa Vista', 'Recife', 'PE', '50050180', 'Apartamento', 390000.00, 7),
('Rua Silva Jardim', '1020', NULL, 'Centro', 'Florianópolis', 'SC', '88020000', 'Casa', 750000.00, 8),
('Av. Atlântica', '1702', 'Cobertura', 'Copacabana', 'Rio de Janeiro', 'RJ', '22021001', 'Apartamento', 2500000.00, 9),
('Rua do Comércio', '33', 'Loja A', 'Centro', 'Vitória', 'ES', '29010000', 'Comercial', 410000.00, 10),
('Rua das Palmeiras', '900', NULL, 'Setor Oeste', 'Goiânia', 'GO', '74110020', 'Casa', 520000.00, 11),
('Av. Brasil', '4400', 'Sala 5', 'Centro', 'Balneário Camboriú', 'SC', '88330063', 'Comercial', 980000.00, 12),
('Rua da Aurora', '150', 'Apto 303', 'Santo Amaro', 'Recife', 'PE', '50040000', 'Apartamento', 440000.00, 13),
('Rua Sergipe', '22', NULL, 'Funcionários', 'Belo Horizonte', 'MG', '30130170', 'Casa', 890000.00, 14),
('Av. Ipiranga', '6681', 'Prédio', 'Partenon', 'Porto Alegre', 'RS', '90619900', 'Comercial', 1500000.00, 15),
('Rua XV de Novembro', '10', 'Fundos', 'Centro', 'Joinville', 'SC', '89201000', 'Casa', 280000.00, 16),
('Rua Augusta', '2000', 'Apto 54', 'Consolaçăo', 'Săo Paulo', 'SP', '01412000', 'Apartamento', 710000.00, 17),
('Av. Beira Mar', '120', 'Sala 10', 'Meireles', 'Fortaleza', 'CE', '60165121', 'Comercial', 550000.00, 18),
('Rua Riachuelo', '300', 'Apto 11', 'Centro', 'Porto Alegre', 'RS', '90010270', 'Apartamento', 220000.00, 19),
('Estrada do Encanamento', '500', NULL, 'Casa Forte', 'Recife', 'PE', '52060000', 'Casa', 670000.00, 20),
('Rua Haddock Lobo', '131', 'Apto 82', 'Tijuca', 'Rio de Janeiro', 'RJ', '20260141', 'Apartamento', 490000.00, 21),
('Av. Higienópolis', '618', 'Apto 22', 'Higienópolis', 'Săo Paulo', 'SP', '01238000', 'Apartamento', 1350000.00, 22),
('Rua Padre Chagas', '45', 'Loja 02', 'Moinhos de Vento', 'Porto Alegre', 'RS', '90570080', 'Comercial', 880000.00, 23),
('Rua dos Navegantes', '1500', 'Apto 401', 'Boa Viagem', 'Recife', 'PE', '51020010', 'Apartamento', 920000.00, 24),
('Rua T-36', '245', NULL, 'Setor Bueno', 'Goiânia', 'GO', '74223050', 'Casa', 600000.00, 25),
('Av. Getúlio Vargas', '1000', 'Sala 901', 'Centro', 'Cuiabá', 'MT', '78005000', 'Comercial', 370000.00, 26),
('Rua das Laranjeiras', '45', NULL, 'Laranjeiras', 'Rio de Janeiro', 'RJ', '22240000', 'Casa', 950000.00, 27),
('Av. Afonso Pena', '3500', 'Apto 15', 'Centro', 'Campo Grande', 'MS', '79002072', 'Apartamento', 310000.00, 28),
('Rua Euzébio de Queirós', '101', NULL, 'Centro', 'Macaé', 'RJ', '27910000', 'Casa', 420000.00, 29),
('Av. Tancredo Neves', '620', 'Módulo 3', 'Caminho das Árvores', 'Salvador', 'BA', '41820020', 'Comercial', 540000.00, 30);

-- 3. POPULANDO A TABELA: inquilino
INSERT INTO inquilino (nome, cpf, email) VALUES 
('Joăo Pedro Silva', '00100200304', 'joao.pedro@email.com'),
('Maria Eduarda Lima', '11122233344', 'madu.lima@gmail.com'),
('Lucas Ferreira Santos', '22233344455', 'lucas.fsantos@outlook.com'),
('Larissa Manoela Costa', '33344455566', 'larissa.m@yahoo.com.br'),
('Gabriel Barbosa', '44455566677', 'gabigol.fake@email.com'),
('Enzo Gabriel Nunes', '55566677788', 'enzo.nunes@provedor.com'),
('Valentina Rosa', '66677788899', 'v.rosa@uol.com.br'),
('Rafael Cordeiro', '77788899900', 'rafa.cordeiro@gmail.com'),
('Juliana Paiva', '88899900011', 'ju.paiva@bol.com.br'),
('Felipe Neto Silva', '99900011122', 'felipe.neto@email.com'),
('Amanda Karine', '10120230340', 'amanda.k@gmail.com'),
('Bruno Mezenga', '20230340451', 'mezenga.gado@uol.com'),
('Cássio Ramos', '30340450562', 'cassio.gigante@email.com'),
('Daniel Alves Jr', '40450560673', 'daniel.ajr@gmail.com'),
('Erick Jacquin', '50560670784', 'jacquin.tompero@gastronomia.com'),
('Fabiana Karla', '60670780895', 'fabi.karla@humor.com.br'),
('Gisele Bündchen', '70780890906', 'gisele.b@model.com'),
('Hélio de la Peńa', '80890901017', 'helio.pena@casseta.com'),
('Isis Valverde', '90901011128', 'isis.v@atriz.com.br'),
('Jorge Ben Jor', '01011121239', 'jorge.ben@musica.com'),
('Kelly Key', '11112222330', 'kelly.key@babas.com'),
('Luan Santana', '22223333441', 'luan.meteoro@sertanejo.com'),
('Marta Vieira', '33334444552', 'marta.rainha@futebol.com'),
('Neymar Santos Jr', '44445555663', 'ney.jr@menino.com'),
('Otávio Mesquita', '55556666774', 'otavio.m@noite.com.br'),
('Paolla Carosella', '66667777885', 'paolla.c@cozinha.com'),
('Quitéria Chagas', '77778888996', 'quiteria.c@samba.com'),
('Rodrigo Hilbert', '88889999007', 'rodrigo.h@faztudo.com'),
('Sabrina Sato', '99990000118', 'sabrina.s@japonesa.com.br'),
('Tiago Leifert', '00001111229', 'tiago.l@bbb.com');

-- 4. POPULANDO A TABELA: contrato
INSERT INTO contrato (id_imovel, id_inquilino, data_inicio, data_fim, valor_fechado, status) VALUES 
(1, 1, '2024-01-10', '2025-01-10', 3500.00, 'Ativo'),
(2, 2, '2023-05-15', '2024-05-15', 2200.00, 'Finalizado'),
(3, 3, '2024-02-01', '2026-02-01', 1800.00, 'Ativo'),
(4, 4, '2023-11-20', '2024-11-20', 2800.00, 'Ativo'),
(5, 5, '2024-03-10', '2025-03-10', 2500.00, 'Ativo'),
(6, 6, '2023-01-05', '2024-01-05', 5500.00, 'Finalizado'),
(7, 7, '2024-06-01', '2025-06-01', 2100.00, 'Ativo'),
(8, 8, '2023-08-12', '2024-08-12', 3200.00, 'Ativo'),
(9, 9, '2024-01-15', '2026-01-15', 8500.00, 'Ativo'),
(10, 10, '2023-03-20', '2023-09-20', 1900.00, 'Cancelado'),
(11, 11, '2024-02-10', '2025-02-10', 2400.00, 'Ativo'),
(12, 12, '2023-12-01', '2025-12-01', 4200.00, 'Ativo'),
(13, 13, '2024-04-05', '2025-04-05', 1850.00, 'Ativo'),
(14, 14, '2023-07-20', '2024-07-20', 3800.00, 'Ativo'),
(15, 15, '2023-02-15', '2024-02-15', 6000.00, 'Finalizado'),
(16, 16, '2024-01-20', '2025-01-20', 1400.00, 'Ativo'),
(17, 17, '2024-03-01', '2025-03-01', 3100.00, 'Ativo'),
(18, 18, '2023-10-10', '2024-10-10', 2600.00, 'Ativo'),
(19, 19, '2024-05-12', '2025-05-12', 1100.00, 'Ativo'),
(20, 20, '2023-06-01', '2024-06-01', 2900.00, 'Ativo'),
(21, 21, '2023-01-10', '2023-04-10', 2300.00, 'Cancelado'),
(22, 22, '2024-02-20', '2026-02-20', 5200.00, 'Ativo'),
(23, 23, '2023-11-05', '2024-11-05', 4000.00, 'Ativo'),
(24, 24, '2024-01-01', '2025-01-01', 4500.00, 'Ativo'),
(25, 25, '2023-09-15', '2024-09-15', 2700.00, 'Ativo'),
(26, 26, '2024-04-10', '2025-04-10', 1950.00, 'Ativo'),
(27, 27, '2023-04-01', '2024-04-01', 3900.00, 'Finalizado'),
(28, 28, '2024-06-20', '2025-06-20', 1500.00, 'Ativo'),
(29, 29, '2023-12-15', '2024-12-15', 2100.00, 'Ativo'),
(30, 30, '2024-02-05', '2025-02-05', 2800.00, 'Ativo');

-- 5. POPULANDO A TABELA: pagamento
INSERT INTO pagamento (id_contrato, data_pagamento, valor_pago, metodo_pagamento) VALUES 
(1, '2024-01-10', 3500.00, 'Pix'),
(2, '2023-05-15', 2200.00, 'Boleto'),
(3, '2024-02-01', 1800.00, 'Cartăo'),
(4, '2023-11-20', 2800.00, 'Pix'),
(5, '2024-03-10', 2500.00, 'Boleto'),
(6, '2023-01-05', 5500.00, 'Pix'),
(7, '2024-06-01', 2100.00, 'Cartăo'),
(8, '2023-08-12', 3200.00, 'Boleto'),
(9, '2024-01-15', 8500.00, 'Pix'),
(10, '2023-03-20', 1900.00, 'Boleto'),
(11, '2024-02-10', 2400.00, 'Pix'),
(12, '2023-12-01', 4200.00, 'Cartăo'),
(13, '2024-04-05', 1850.00, 'Boleto'),
(14, '2023-07-20', 3800.00, 'Pix'),
(15, '2023-02-15', 6000.00, 'Cartăo'),
(16, '2024-01-20', 1400.00, 'Boleto'),
(17, '2024-03-01', 3100.00, 'Pix'),
(18, '2023-10-10', 2600.00, 'Cartăo'),
(19, '2024-05-12', 1100.00, 'Pix'),
(20, '2023-06-01', 2900.00, 'Boleto'),
(21, '2023-01-10', 2300.00, 'Pix'),
(22, '2024-02-20', 5200.00, 'Cartăo'),
(23, '2023-11-05', 4000.00, 'Boleto'),
(24, '2024-01-01', 4500.00, 'Pix'),
(25, '2023-09-15', 2700.00, 'Cartăo'),
(26, '2024-04-10', 1950.00, 'Boleto'),
(27, '2023-04-01', 3900.00, 'Pix'),
(28, '2024-06-20', 1500.00, 'Boleto'),
(29, '2023-12-15', 2100.00, 'Cartăo'),
(30, '2024-02-05', 2800.00, 'Pix');